"‡∏ä‡∏∑‡πà‡∏≠‡πÄ‡∏•‡πà‡∏ô ‡∏ä‡∏∑‡πà‡∏≠‡∏™‡∏°‡∏°‡∏ï‡∏¥ nickname ‡πÄ‡∏ä‡πà‡∏ô (Batman, Barbie, ‡∏ì‡πÄ‡∏î‡∏ä etc.)",cluster_id,
‡πÄ‡∏≠‡∏¥‡∏£‡πå‡∏ô,0,https://line.me/ti/g2/J_8JkwQ6LSCwJRzblUmnyOl-Skve3K7CUmCG2Q
Aiden Pearce,0,https://line.me/ti/g2/J_8JkwQ6LSCwJRzblUmnyOl-Skve3K7CUmCG2Q
WhiteRabbit,0,https://line.me/ti/g2/J_8JkwQ6LSCwJRzblUmnyOl-Skve3K7CUmCG2Q
Lina,0,https://line.me/ti/g2/J_8JkwQ6LSCwJRzblUmnyOl-Skve3K7CUmCG2Q
NPC,0,https://line.me/ti/g2/J_8JkwQ6LSCwJRzblUmnyOl-Skve3K7CUmCG2Q
‡πÄ‡∏á‡πâ‡∏á,0,https://line.me/ti/g2/J_8JkwQ6LSCwJRzblUmnyOl-Skve3K7CUmCG2Q
Nam,0,https://line.me/ti/g2/J_8JkwQ6LSCwJRzblUmnyOl-Skve3K7CUmCG2Q
‡∏ä‡πà‡∏≤‡∏á‡πÅ‡∏≠‡∏£‡πå_‡πÉ‡∏ô‡∏ï‡∏≥‡∏ô‡∏≤‡∏ô,0,https://line.me/ti/g2/J_8JkwQ6LSCwJRzblUmnyOl-Skve3K7CUmCG2Q
‡πÑ‡∏°‡πà‡∏Å‡∏¥‡∏ô‡∏´‡∏°‡∏≤,0,https://line.me/ti/g2/J_8JkwQ6LSCwJRzblUmnyOl-Skve3K7CUmCG2Q
‡∏•‡∏π‡∏ü‡∏µ‡πà,0,https://line.me/ti/g2/J_8JkwQ6LSCwJRzblUmnyOl-Skve3K7CUmCG2Q
‡∏ó‡∏≤‡∏°‡∏°‡∏µ‡πà‡∏ó‡∏µ‡πà‡∏£‡∏±‡∏Å,1,https://line.me/ti/g2/aEqUcgbN56rnjWIR9M0hZ0X8LvdKTwzaL813hQ
‡∏à‡∏≠‡∏ô‡∏à‡∏≠‡∏á‡∏ï‡πâ‡∏ô,1,https://line.me/ti/g2/aEqUcgbN56rnjWIR9M0hZ0X8LvdKTwzaL813hQ
merson,1,https://line.me/ti/g2/aEqUcgbN56rnjWIR9M0hZ0X8LvdKTwzaL813hQ
HeHe...,1,https://line.me/ti/g2/aEqUcgbN56rnjWIR9M0hZ0X8LvdKTwzaL813hQ
Lumous,1,https://line.me/ti/g2/aEqUcgbN56rnjWIR9M0hZ0X8LvdKTwzaL813hQ
angelcactus,1,https://line.me/ti/g2/aEqUcgbN56rnjWIR9M0hZ0X8LvdKTwzaL813hQ
Natasha Romanof,1,https://line.me/ti/g2/aEqUcgbN56rnjWIR9M0hZ0X8LvdKTwzaL813hQ
TAYLOR SWIFT,1,https://line.me/ti/g2/aEqUcgbN56rnjWIR9M0hZ0X8LvdKTwzaL813hQ
Chrysaora,1,https://line.me/ti/g2/aEqUcgbN56rnjWIR9M0hZ0X8LvdKTwzaL813hQ
‡∏Ç‡∏á‡πÄ‡∏ö‡πâ‡∏á,1,https://line.me/ti/g2/aEqUcgbN56rnjWIR9M0hZ0X8LvdKTwzaL813hQ
Snoopy,1,https://line.me/ti/g2/aEqUcgbN56rnjWIR9M0hZ0X8LvdKTwzaL813hQ
Blue Butterfly,1,https://line.me/ti/g2/aEqUcgbN56rnjWIR9M0hZ0X8LvdKTwzaL813hQ
‡∏ä‡πà‡∏≤‡∏á‡∏ï‡∏π‡πâ,1,https://line.me/ti/g2/aEqUcgbN56rnjWIR9M0hZ0X8LvdKTwzaL813hQ
Rose',1,https://line.me/ti/g2/aEqUcgbN56rnjWIR9M0hZ0X8LvdKTwzaL813hQ
‡∏ú‡∏π‡πâ‡∏•‡πâ‡∏≥‡πÄ‡∏•‡∏¥‡∏®‡πÉ‡∏ô‡πÅ‡∏ú‡πà‡∏ô‡∏î‡∏¥‡∏ô,1,https://line.me/ti/g2/aEqUcgbN56rnjWIR9M0hZ0X8LvdKTwzaL813hQ
Ithzzz,1,https://line.me/ti/g2/aEqUcgbN56rnjWIR9M0hZ0X8LvdKTwzaL813hQ
JOI,2,https://line.me/ti/g2/dx2p4HlNIPZGqxiPxABtPdjqnAFEmj2-ffDdzQ
Salim,2,https://line.me/ti/g2/dx2p4HlNIPZGqxiPxABtPdjqnAFEmj2-ffDdzQ
Bee,2,https://line.me/ti/g2/dx2p4HlNIPZGqxiPxABtPdjqnAFEmj2-ffDdzQ
‡∏´‡∏¢‡∏≥‡∏â‡∏≤,2,https://line.me/ti/g2/dx2p4HlNIPZGqxiPxABtPdjqnAFEmj2-ffDdzQ
Somkid,2,https://line.me/ti/g2/dx2p4HlNIPZGqxiPxABtPdjqnAFEmj2-ffDdzQ
HowKnow IKnow,2,https://line.me/ti/g2/dx2p4HlNIPZGqxiPxABtPdjqnAFEmj2-ffDdzQ
Hawking,2,https://line.me/ti/g2/dx2p4HlNIPZGqxiPxABtPdjqnAFEmj2-ffDdzQ
a,2,https://line.me/ti/g2/dx2p4HlNIPZGqxiPxABtPdjqnAFEmj2-ffDdzQ
POPO,2,https://line.me/ti/g2/dx2p4HlNIPZGqxiPxABtPdjqnAFEmj2-ffDdzQ
‡∏ô‡∏±‡∏ô‡∏ó‡πå,3,https://line.me/ti/g2/bxR1JoLf8UmYNUKdYeFMdoTth78uEPEDs9Bm4Q
‡πÇ‡∏Å‡πÄ‡∏ó‡∏ô,3,https://line.me/ti/g2/bxR1JoLf8UmYNUKdYeFMdoTth78uEPEDs9Bm4Q
‡∏ï‡∏±‡∏ß‡∏â‡∏±‡∏ô‡∏≠‡∏µ‡∏Å‡∏Ñ‡∏ô,3,https://line.me/ti/g2/bxR1JoLf8UmYNUKdYeFMdoTth78uEPEDs9Bm4Q
‡∏ö‡∏±‡∏á‡πÑ‡∏Ñ,3,https://line.me/ti/g2/bxR1JoLf8UmYNUKdYeFMdoTth78uEPEDs9Bm4Q
[K]4[M]ui,3,https://line.me/ti/g2/bxR1JoLf8UmYNUKdYeFMdoTth78uEPEDs9Bm4Q
tintinap,3,https://line.me/ti/g2/bxR1JoLf8UmYNUKdYeFMdoTth78uEPEDs9Bm4Q
Eros,3,https://line.me/ti/g2/bxR1JoLf8UmYNUKdYeFMdoTth78uEPEDs9Bm4Q
lppo,3,https://line.me/ti/g2/bxR1JoLf8UmYNUKdYeFMdoTth78uEPEDs9Bm4Q
Solution,3,https://line.me/ti/g2/bxR1JoLf8UmYNUKdYeFMdoTth78uEPEDs9Bm4Q
JamesJi,3,https://line.me/ti/g2/bxR1JoLf8UmYNUKdYeFMdoTth78uEPEDs9Bm4Q
Michelangelo,3,https://line.me/ti/g2/bxR1JoLf8UmYNUKdYeFMdoTth78uEPEDs9Bm4Q
Tony stark,3,https://line.me/ti/g2/bxR1JoLf8UmYNUKdYeFMdoTth78uEPEDs9Bm4Q
L Lawliet,3,https://line.me/ti/g2/bxR1JoLf8UmYNUKdYeFMdoTth78uEPEDs9Bm4Q
Sakuragi,3,https://line.me/ti/g2/bxR1JoLf8UmYNUKdYeFMdoTth78uEPEDs9Bm4Q
KamenRaider Y,3,https://line.me/ti/g2/bxR1JoLf8UmYNUKdYeFMdoTth78uEPEDs9Bm4Q
‡πÄ‡∏ó‡πÄ‡∏•‡∏ó‡∏±‡∏ö‡∏ö‡∏µ‡πâ,3,https://line.me/ti/g2/bxR1JoLf8UmYNUKdYeFMdoTth78uEPEDs9Bm4Q
Ronaldo,3,https://line.me/ti/g2/bxR1JoLf8UmYNUKdYeFMdoTth78uEPEDs9Bm4Q
Table6,3,https://line.me/ti/g2/bxR1JoLf8UmYNUKdYeFMdoTth78uEPEDs9Bm4Q
Jonas,3,https://line.me/ti/g2/bxR1JoLf8UmYNUKdYeFMdoTth78uEPEDs9Bm4Q
Mario,4,https://line.me/ti/g2/Quim-nJVrDluvydXREevJ6gkMcq6mWkOsOHjZQ
Solid Snake,4,https://line.me/ti/g2/Quim-nJVrDluvydXREevJ6gkMcq6mWkOsOHjZQ
Maker,4,https://line.me/ti/g2/Quim-nJVrDluvydXREevJ6gkMcq6mWkOsOHjZQ
Sunfolwer,4,https://line.me/ti/g2/Quim-nJVrDluvydXREevJ6gkMcq6mWkOsOHjZQ
Roxy,4,https://line.me/ti/g2/Quim-nJVrDluvydXREevJ6gkMcq6mWkOsOHjZQ
GaRib,4,https://line.me/ti/g2/Quim-nJVrDluvydXREevJ6gkMcq6mWkOsOHjZQ
enzyme,4,https://line.me/ti/g2/Quim-nJVrDluvydXREevJ6gkMcq6mWkOsOHjZQ
Honeybua,4,https://line.me/ti/g2/Quim-nJVrDluvydXREevJ6gkMcq6mWkOsOHjZQ
üëÅÔ∏èüëÑüëÅÔ∏è,4,https://line.me/ti/g2/Quim-nJVrDluvydXREevJ6gkMcq6mWkOsOHjZQ
Jebediah Kerman,5,https://line.me/ti/g2/QFlqvp8STnOr80-BOxBhLZ29Cb7eKKOGmyfSlQ
Gojo Satoru,5,https://line.me/ti/g2/QFlqvp8STnOr80-BOxBhLZ29Cb7eKKOGmyfSlQ
Indoraptor,5,https://line.me/ti/g2/QFlqvp8STnOr80-BOxBhLZ29Cb7eKKOGmyfSlQ
HaiYahh,5,https://line.me/ti/g2/QFlqvp8STnOr80-BOxBhLZ29Cb7eKKOGmyfSlQ
‡πÑ‡∏Ñ‡∏à‡∏π,5,https://line.me/ti/g2/QFlqvp8STnOr80-BOxBhLZ29Cb7eKKOGmyfSlQ
Anakin Skywalker,5,https://line.me/ti/g2/QFlqvp8STnOr80-BOxBhLZ29Cb7eKKOGmyfSlQ
jairlinethai,5,https://line.me/ti/g2/QFlqvp8STnOr80-BOxBhLZ29Cb7eKKOGmyfSlQ
jcmm,6,https://line.me/ti/g2/jbuVLkNei_cv1sal7R_kS_h_ZFNwMN2a8qAfIQ
Wonyoung,6,https://line.me/ti/g2/jbuVLkNei_cv1sal7R_kS_h_ZFNwMN2a8qAfIQ
‡∏ã‡∏≠‡∏á‡πÄ‡∏Æ‡πÄ‡∏Ñ‡∏µ‡∏¢‡∏ß,6,https://line.me/ti/g2/jbuVLkNei_cv1sal7R_kS_h_ZFNwMN2a8qAfIQ
Cherry,6,https://line.me/ti/g2/jbuVLkNei_cv1sal7R_kS_h_ZFNwMN2a8qAfIQ
Data Smith,6,https://line.me/ti/g2/jbuVLkNei_cv1sal7R_kS_h_ZFNwMN2a8qAfIQ
Sunny,6,https://line.me/ti/g2/jbuVLkNei_cv1sal7R_kS_h_ZFNwMN2a8qAfIQ
JAEHYUN,6,https://line.me/ti/g2/jbuVLkNei_cv1sal7R_kS_h_ZFNwMN2a8qAfIQ
Namtip,6,https://line.me/ti/g2/jbuVLkNei_cv1sal7R_kS_h_ZFNwMN2a8qAfIQ
MUJI,6,https://line.me/ti/g2/jbuVLkNei_cv1sal7R_kS_h_ZFNwMN2a8qAfIQ
‡∏ä‡∏¥‡∏ô‡∏à‡∏±‡∏á,6,https://line.me/ti/g2/jbuVLkNei_cv1sal7R_kS_h_ZFNwMN2a8qAfIQ
benskoo,6,https://line.me/ti/g2/jbuVLkNei_cv1sal7R_kS_h_ZFNwMN2a8qAfIQ
Pharmer,6,https://line.me/ti/g2/jbuVLkNei_cv1sal7R_kS_h_ZFNwMN2a8qAfIQ
zz,6,https://line.me/ti/g2/jbuVLkNei_cv1sal7R_kS_h_ZFNwMN2a8qAfIQ
Blah,6,https://line.me/ti/g2/jbuVLkNei_cv1sal7R_kS_h_ZFNwMN2a8qAfIQ
Pu_sk,6,https://line.me/ti/g2/jbuVLkNei_cv1sal7R_kS_h_ZFNwMN2a8qAfIQ
Lionel,3,https://line.me/ti/g2/bxR1JoLf8UmYNUKdYeFMdoTth78uEPEDs9Bm4Q
Jonathan Wick,3,https://line.me/ti/g2/bxR1JoLf8UmYNUKdYeFMdoTth78uEPEDs9Bm4Q
IRIS,8,https://line.me/ti/g2/aJTZRz7AWZ9n5wWMoUMZDyBQsU_M3UMdQWs7gA
Lover,8,https://line.me/ti/g2/aJTZRz7AWZ9n5wWMoUMZDyBQsU_M3UMdQWs7gA
Arnate,8,https://line.me/ti/g2/aJTZRz7AWZ9n5wWMoUMZDyBQsU_M3UMdQWs7gA
‡πÇ‡∏Å‡πÇ‡∏à ‡∏ã‡∏≤‡πÇ‡∏ï‡∏£‡∏∏,8,https://line.me/ti/g2/aJTZRz7AWZ9n5wWMoUMZDyBQsU_M3UMdQWs7gA
F,8,https://line.me/ti/g2/aJTZRz7AWZ9n5wWMoUMZDyBQsU_M3UMdQWs7gA
Peter Parker,8,https://line.me/ti/g2/aJTZRz7AWZ9n5wWMoUMZDyBQsU_M3UMdQWs7gA
TURBO,8,https://line.me/ti/g2/aJTZRz7AWZ9n5wWMoUMZDyBQsU_M3UMdQWs7gA
Joke'r,8,https://line.me/ti/g2/aJTZRz7AWZ9n5wWMoUMZDyBQsU_M3UMdQWs7gA
Tim‡∏Å‡∏∏‡πä‡∏Å,8,https://line.me/ti/g2/aJTZRz7AWZ9n5wWMoUMZDyBQsU_M3UMdQWs7gA
Teenoi,8,https://line.me/ti/g2/aJTZRz7AWZ9n5wWMoUMZDyBQsU_M3UMdQWs7gA
Tam,8,https://line.me/ti/g2/aJTZRz7AWZ9n5wWMoUMZDyBQsU_M3UMdQWs7gA
Mulan,9,https://line.me/ti/g2/n4xaVlXrb0liqbnh3Dv0s404OA43kvi07q6nWA
Batman888,9,https://line.me/ti/g2/n4xaVlXrb0liqbnh3Dv0s404OA43kvi07q6nWA
Johnson,9,https://line.me/ti/g2/n4xaVlXrb0liqbnh3Dv0s404OA43kvi07q6nWA
Hope,9,https://line.me/ti/g2/n4xaVlXrb0liqbnh3Dv0s404OA43kvi07q6nWA
‡πÄ‡∏à‡∏ô‡∏ô‡∏µ‡πà,9,https://line.me/ti/g2/n4xaVlXrb0liqbnh3Dv0s404OA43kvi07q6nWA
‡∏õ‡∏∏‡∏ç‡∏õ‡∏∏‡∏ç,9,https://line.me/ti/g2/n4xaVlXrb0liqbnh3Dv0s404OA43kvi07q6nWA
pp,9,https://line.me/ti/g2/n4xaVlXrb0liqbnh3Dv0s404OA43kvi07q6nWA
‡πÑ‡∏≠‡πÄ‡∏ü‡∏•,9,https://line.me/ti/g2/n4xaVlXrb0liqbnh3Dv0s404OA43kvi07q6nWA