Timestamp,"‡∏ä‡∏∑‡πà‡∏≠‡πÄ‡∏•‡πà‡∏ô ‡∏ä‡∏∑‡πà‡∏≠‡∏™‡∏°‡∏°‡∏ï‡∏¥ nickname ‡πÄ‡∏ä‡πà‡∏ô (Batman, Barbie, ‡∏ì‡πÄ‡∏î‡∏ä etc.)",‡∏†‡∏π‡πÄ‡∏Ç‡∏≤ Mountain,‡∏ó‡∏∞‡πÄ‡∏• Beach,‡∏≠‡∏¢‡∏π‡πà‡∏ö‡πâ‡∏≤‡∏ô Stay home,‡∏ü‡∏±‡∏á‡πÄ‡∏û‡∏•‡∏á Music,‡∏î‡∏π‡∏´‡∏ô‡∏±‡∏á Movie,‡∏ä‡∏≠‡∏ö‡∏î‡∏π‡∏ö‡∏≠‡∏•,‡πÄ‡∏•‡πà‡∏ô‡πÄ‡∏Å‡∏°‡∏™‡πå Video Games,‡πÄ‡∏™‡∏ï‡πá‡∏Å Steak,‡∏™‡πâ‡∏°‡∏ï‡∏≥ Papaya salad Somtum,‡∏™‡∏•‡∏±‡∏î Salad,‡∏ã‡∏µ‡∏£‡∏µ‡πà‡πÄ‡∏Å‡∏≤‡∏´‡∏•‡∏µ Korean dramas,‡∏´‡∏ô‡∏±‡∏á‡∏ã‡∏∏‡∏õ‡πÄ‡∏õ‡∏≠‡∏£‡πå‡∏Æ‡∏µ‡πÇ‡∏£‡πà Super heros,‡∏™‡∏µ‡∏ü‡πâ‡∏≤ Blue,‡∏™‡∏µ‡πÅ‡∏î‡∏á Red,‡∏ú‡∏°‡∏™‡∏±‡πâ‡∏ô Short hair,‡∏ä‡∏≠‡∏ö‡∏õ‡∏≤‡∏£‡πå‡∏ï‡∏µ‡πâ Party,‡∏ä‡∏≠‡∏ö‡∏î‡∏π‡∏î‡∏ß‡∏á Horoscope,‡∏ä‡∏≠‡∏ö‡∏î‡∏∑‡πà‡∏°‡∏ô‡∏°‡∏™‡∏î Fresh Milk,‡πÄ‡∏•‡πà‡∏ô‡∏ü‡∏∏‡∏ï‡∏ö‡∏≠‡∏• Play soccer,‡∏ô‡∏≠‡∏ô Sleep,‡∏ß‡πà‡∏≤‡∏¢‡∏ô‡πâ‡∏≥ Swim,‡∏≠‡∏≤‡∏ä‡∏µ‡∏û,‡∏ä‡∏∑‡πà‡∏≠‡∏´‡∏ô‡πà‡∏ß‡∏¢‡∏á‡∏≤‡∏ô‡∏ï‡πâ‡∏ô‡∏™‡∏±‡∏á‡∏Å‡∏±‡∏î ‡∏ä‡∏∑‡πà‡∏≠ ‡∏ö‡∏£‡∏¥‡∏©‡∏±‡∏ó ‡πÇ‡∏£‡∏á‡πÄ‡∏£‡∏µ‡∏¢‡∏ô ‡∏°‡∏´‡∏≤‡∏ß‡∏¥‡∏ó‡∏¢‡∏≤‡∏•‡∏±‡∏¢,‡∏ô‡πâ‡∏≥‡∏´‡∏ô‡∏±‡∏Å weight,‡∏™‡πà‡∏ß‡∏ô‡∏™‡∏π‡∏á height,‡∏≠‡∏≤‡∏¢‡∏∏,‡πÄ‡∏û‡∏® gender ,Programming ‡πÄ‡∏Ç‡∏µ‡∏¢‡∏ô‡πÇ‡∏õ‡∏£‡πÅ‡∏Å‡∏£‡∏°,Analytic ‡∏Å‡∏≤‡∏£‡∏ß‡∏¥‡πÄ‡∏Ñ‡∏£‡∏≤‡∏∞‡∏´‡πå,Business ‡∏ò‡∏∏‡∏£‡∏Å‡∏¥‡∏à,Marketing ‡∏Å‡∏≤‡∏£‡∏ï‡∏•‡∏≤‡∏î,Management ‡∏Å‡∏≤‡∏£‡∏ö‡∏£‡∏¥‡∏´‡∏≤‡∏£
30/09/2023 09:24:23,‡∏´‡∏¢‡∏≥‡∏â‡∏≤,3,2,4,5,2,5,5,4,1,1,2,3,2,2,4,2,1,5,1,2,1,‡∏ò‡∏∏‡∏£‡∏Å‡∏¥‡∏à‡∏™‡πà‡∏ß‡∏ô‡∏ï‡∏±‡∏ß,,84,180,36,M,1,4,4,4,3
30/09/2023 09:24:27,‡∏ô‡∏±‡∏ô‡∏ó‡πå,2,5,3,4,4,5,5,5,4,2,2,4,5,3,3,4,1,2,5,4,4,Student,KMITL ,70,178,24,M,4,4,4,2,2
30/09/2023 09:24:30,Hawking,5,2,1,3,5,1,4,5,2,2,2,5,5,1,5,5,1,5,1,2,2,Data scientist,AIS,72,178,,M,3,3,3,1,2
30/09/2023 09:24:49,Ithzzz,5,4,4,4,3,1,3,4,5,3,3,4,5,4,4,3,4,4,2,3,4,teacher,the newton,66,188,29,M,3,3,3,3,3
30/09/2023 09:25:01,enzyme,4,4,4,3,3,1,3,4,3,4,3,4,4,4,5,4,3,3,1,3,2,Developer,‡∏ö‡∏£‡∏¥‡∏©‡∏±‡∏ó,62,169,41,M,4,4,3,3,3
30/09/2023 09:25:03,‡∏ä‡∏¥‡∏ô‡∏à‡∏±‡∏á,3,5,5,5,3,1,2,4,5,4,3,2,2,2,2,3,4,5,1,3,4,‡∏ô‡∏±‡∏Å‡πÄ‡∏£‡∏µ‡∏¢‡∏ô,"‡πÇ‡∏£‡∏á‡πÄ‡∏£‡∏µ‡∏¢‡∏ô""‡∏ö‡πâ‡∏≤‡∏ô‡∏ö‡∏∂‡∏á‡∏≠‡∏∏‡∏ï‡∏™‡∏≤‡∏´‡∏Å‡∏£‡∏£‡∏°‡∏ô‡∏∏‡πÄ‡∏Ñ‡∏£‡∏≤‡∏∞‡∏´‡πå""",49,149,18,F,1,1,1,1,1
30/09/2023 09:25:06,Natasha Romanof,3,5,2,3,2,1,1,2,4,5,1,5,4,5,1,5,5,4,1,5,5,IT Business analyst,Primes solutions&services,57,160,25,F,3,5,4,3,5
30/09/2023 09:25:20,IRIS,5,3,5,5,4,1,5,5,2,2,,4,1,1,3,3,1,5,1,5,4,‡∏ô‡∏±‡∏Å‡∏®‡∏∂‡∏Å‡∏©‡∏≤,Buu,75,177,22,M,2,1,1,1,3
30/09/2023 09:25:31,Rose',5,5,3,4,5,1,2,5,5,,,,4,5,3,4,3,5,1,5,4,Marketing,Freelance,53,160,42,F,2,4,5,5,5
30/09/2023 09:25:36,Tam,4,3,4,5,5,3,5,5,2,4,2,4,4,3,3,3,2,5,1,4,3,‡∏ô‡∏±‡∏Å‡∏®‡∏∂‡∏Å‡∏©‡∏≤,‡∏°‡∏´‡∏≤‡∏ß‡∏¥‡∏ó‡∏¢‡∏≤‡∏•‡∏±‡∏¢‡πÄ‡∏Å‡∏©‡∏ï‡∏£‡∏®‡∏≤‡∏™‡∏ï‡∏£‡πå ‡∏ß‡∏¥‡∏ó‡∏¢‡∏≤‡πÄ‡∏Ç‡∏ï‡∏Å‡∏≥‡πÅ‡∏û‡∏á‡πÅ‡∏™‡∏ô,62,173,21,M,5,2,2,2,2
30/09/2023 09:25:44,Blue Butterfly ,5,5,5,5,5,3,4,5,5,5,5,1,5,3,1,4,5,4,1,5,5,‡∏ô‡∏±‡∏Å‡∏®‡∏∂‡∏Å‡∏©‡∏≤,‡∏°‡∏´‡∏≤‡∏•‡∏±‡∏¢‡∏ö‡∏π‡∏£‡∏û‡∏≤,50,157,22,F,1,1,1,1,1
30/09/2023 09:25:46,Honeybua,5,3,5,5,4,1,3,3,5,3,4,2,4,4,3,2,5,4,1,5,1,‡∏û‡∏ô‡∏±‡∏Å‡∏á‡∏≤‡∏ô‡∏°‡∏´‡∏≤‡∏ß‡∏¥‡∏ó‡∏¢‡∏≤‡∏•‡∏±‡∏¢,‡∏°‡∏´‡∏≤‡∏ß‡∏¥‡∏ó‡∏¢‡∏≤‡∏•‡∏±‡∏¢‡∏°‡∏´‡∏¥‡∏î‡∏•,43,156,28,F,1,2,1,1,3
30/09/2023 09:25:52,Lover,3,4,5,5,4,1,4,5,2,3,3,4,3,3,2,3,4,5,1,4,3,Student,Bangkok university,50,170,20,M,5,5,2,2,3
30/09/2023 09:25:54,‡∏ï‡∏±‡∏ß‡∏â‡∏±‡∏ô‡∏≠‡∏µ‡∏Å‡∏Ñ‡∏ô,4,5,4,5,5,5,5,4,5,,5,5,4,5,3,3,1,2,2,4,1,‡∏û‡∏ô‡∏±‡∏Å‡∏á‡∏≤‡∏ô‡∏û‡∏±‡∏í‡∏ô‡∏≤‡∏ò‡∏∏‡∏£‡∏Å‡∏¥‡∏à‡∏ô‡∏ß‡∏±‡∏ï‡∏Å‡∏£‡∏£‡∏°,‡∏°‡∏´‡∏≤‡∏ß‡∏¥‡∏ó‡∏¢‡∏≤‡∏•‡∏±‡∏¢‡πÄ‡∏ä‡∏µ‡∏¢‡∏á‡πÉ‡∏´‡∏°‡πà,85,180,28,M,1,4,2,3,4
30/09/2023 09:25:56,pp,5,5,5,3,4,3,1,2,2,3,4,4,5,3,3,2,1,1,2,3,3,‡πÅ‡∏û‡∏ó‡∏¢‡πå,‡∏£‡∏û,78,174,59,M,3,3,4,3,4
30/09/2023 09:26:01,NPC,3,4,5,2,4,1,5,4,2,4,1,2,4,2,5,1,2,3,1,5,4,Developer,Freelance,71,171,43,M,5,4,4,2,3
30/09/2023 09:26:08,Lina,2,5,5,5,5,1,3,4,2,2,3,2,5,3,3,1,2,5,1,5,3,Academic Advisor,Newton Sixth form school,80,162,30,F,1,1,1,1,1
30/09/2023 09:26:14,tintinap,5,5,3,4,5,2,5,5,1,3,3,5,5,3,4,4,1,4,3,4,5,Software engineer ,Accenture,52,177,24,M,5,4,3,3,2
30/09/2023 09:26:14,MUJI,4,3,5,5,4,1,3,5,5,5,3,3,3,3,4,3,3,5,1,4,3,Data Analyst,WHA Group,73,174,26,M,3,3,3,2,3
30/09/2023 09:26:24,Lumous,4,4,5,5,5,2,5,5,4,4,3,5,5,3,5,3,5,4,1,5,3,Data Scientist,The Brain Stem Co. Ltd.,78,184,22,M,5,5,3,2,3
30/09/2023 09:26:26,Solution,4,4,5,3,4,5,4,5,4,3,5,2,4,2,4,4,3,3,4,4,3,‡∏û‡∏ô‡∏±‡∏Å‡∏á‡∏≤‡∏ô‡∏£‡∏±‡∏ê‡∏ß‡∏¥‡∏™‡∏≤‡∏´‡∏Å‡∏¥‡∏à,‡∏Å‡∏ü‡∏ú.,82,169,33,M,3,2,1,1,2
30/09/2023 09:26:27,JamesJi,2,5,5,5,4,5,5,4,1,1,1,5,4,4,3,5,2,5,5,5,3,Developer,Oracle,75,185,25,M,4,3,4,3,3
30/09/2023 09:26:30,L Lawliet,5,5,3,5,5,4,4,4,4,5,4,5,5,5,5,3,2,5,5,3,5,IT Project Manger,SAP,77,167,50,M,3,5,5,4,5
30/09/2023 09:26:39,‡πÄ‡∏ó‡πÄ‡∏•‡∏ó‡∏±‡∏ö‡∏ö‡∏µ‡πâ,2,4,4,3,3,5,4,5,3,3,2,3,3,4,5,3,3,4,2,4,3,Data Labeler,LMWN,55,155,27,F,1,3,2,2,2
30/09/2023 09:26:40,‡∏ú‡∏π‡πâ‡∏•‡πâ‡∏≥‡πÄ‡∏•‡∏¥‡∏®‡πÉ‡∏ô‡πÅ‡∏ú‡πà‡∏ô‡∏î‡∏¥‡∏ô ,3,5,5,3,5,2,3,4,4,2,3,5,5,5,3,3,3,3,1,3,1,‡∏Å‡∏≤‡∏£‡∏ï‡∏•‡∏≤‡∏î,‡∏ö‡∏à‡∏Å.‡∏Ç‡∏∏‡∏ô‡∏Ñ‡∏£‡∏±‡∏ß168,70,165,32,M,1,4,3,4,4
30/09/2023 09:26:41,Gojo Satoru,3,4,5,5,5,1,5,5,4,1,1,4,3,2,2,1,1,2,1,2,1,‡∏ô‡∏±‡∏Å‡∏®‡∏∂‡∏Å‡∏©‡∏≤,‡∏°‡∏´‡∏≤‡∏ß‡∏¥‡∏ó‡∏¢‡∏≤‡∏•‡∏±‡∏¢‡∏®‡∏£‡∏µ‡∏õ‡∏ó‡∏∏‡∏°,55,180,22,M,1,2,1,1,1
30/09/2023 09:26:48,HowKnow IKnow,3,4,5,4,2,1,4,5,2,1,1,4,4,2,5,2,1,3,1,4,5,ML Enginer,HowKnow IKnow,58,157,25,M,5,4,3,2,4
30/09/2023 09:26:55,Chrysaora,5,4,5,4,3,1,5,3,3,2,3,5,5,5,4,2,3,5,1,5,3,‡∏ô‡∏±‡∏Å‡∏®‡∏∂‡∏Å‡∏©‡∏≤,‡∏°‡∏´‡∏≤‡∏ß‡∏¥‡∏ó‡∏¢‡∏≤‡∏•‡∏±‡∏¢‡∏°.‡∏ö‡∏π‡∏£‡∏û‡∏≤,87,166,18,F,1,3,3,2,3
30/09/2023 09:26:59,Somkid,4,2,3,4,4,2,2,4,1,1,2,3,4,4,4,3,2,3,2,4,2,data people,data company,50,168,30,M,4,4,2,2,2
30/09/2023 09:27:00,POPO,5,3,5,3,3,1,5,5,1,1,1,4,1,5,5,1,1,5,1,3,5,‡∏™‡∏±‡∏ï‡∏ß‡πÅ‡∏û‡∏ó‡∏¢‡πå,‡∏°‡∏Å‡∏≠‡∏ä.,65,156,38,F,1,2,1,1,1
30/09/2023 09:27:05,üëÅÔ∏èüëÑüëÅÔ∏è,4,4,5,4,4,1,4,2,4,3,3,1,4,3,3,3,2,3,1,5,3,‡∏ó‡∏≥‡∏á‡∏≤‡∏ô‡πÄ‡∏õ‡πá‡∏ô‡∏Ñ‡∏ô,‡πÇ‡∏£‡∏á‡πÄ‡∏£‡∏µ‡∏¢‡∏ô‡∏™‡∏≤‡∏ò‡∏¥‡∏ï‡∏à‡∏∏‡∏¨‡∏≤‡∏•‡∏á‡∏Å‡∏£‡∏ì‡πå‡∏°‡∏´‡∏≤‡∏ß‡∏¥‡∏ó‡∏¢‡∏≤‡∏•‡∏±‡∏¢‡∏ù‡πà‡∏≤‡∏¢‡∏õ‡∏£‡∏∞‡∏ñ‡∏°,50.1,156,11,M,3,2,1,2,2
30/09/2023 09:27:08,Jonathan Wick,2,3,3,2,4,5,1,5,3,1,2,4,1,1,2,3,1,2,5,2,3,Freelance,Adams Famly,68,168,47,M,2,2,2,2,2
30/09/2023 09:27:14,‡πÑ‡∏≠‡πÄ‡∏ü‡∏•,5,2,3,4,4,3,1,5,3,5,3,2,4,1,3,3,2,3,2,5,3,Business Development,Deftdev,85,172,47,M,3,4,5,5,5
30/09/2023 09:27:21,F,2,2,4,5,4,2,5,5,3,3,1,2,1,1,1,2,1,5,1,3,4,‡∏ô‡∏±‡∏Å‡∏®‡∏∂‡∏Å‡∏©‡∏≤,KMITL,77,181,24,M,3,3,3,3,3
30/09/2023 09:27:26,TURBO,3,2,5,5,5,1,5,5,5,1,5,3,3,5,3,2,1,5,1,5,3,Batman,Botnoi,75,178,22,M,3,3,2,2,2
30/09/2023 09:27:26,KamenRaider Y,3,5,3,5,4,5,3,3,4,4,2,4,5,3,4,3,2,3,3,3,2,Consultant,H2C,67,169,55,M,2,3,4,3,4
30/09/2023 09:27:28,Tim‡∏Å‡∏∏‡πä‡∏Å,2,4,5,2,5,1,5,5,3,4,3,3,3,2,5,3,2,5,1,5,2,‡∏ô‡∏±‡∏Å‡∏®‡∏∂‡∏Å‡∏©‡∏≤,‡∏°‡∏´‡∏≤‡∏ß‡∏¥‡∏ó‡∏¢‡∏≤‡∏•‡∏±‡∏¢‚Äã‡∏®‡∏£‡∏µ‡∏õ‡∏ó‡∏∏‡∏°,80,175,26,M,4,5,3,3,3
30/09/2023 09:27:31,‡∏à‡∏≠‡∏ô‡∏à‡∏≠‡∏á‡∏ï‡πâ‡∏ô,5,4,3,5,5,2,5,5,5,2,5,5,5,4,2,5,2,5,1,5,4,‡∏ô‡∏±‡∏Å‡∏®‡∏∂‡∏Å‡∏©‡∏≤,‡∏°‡∏´‡∏≤‡∏ß‡∏¥‡∏ó‡∏¢‡∏≤‡∏•‡∏±‡∏¢‡∏ò‡∏£‡∏£‡∏°‡∏®‡∏≤‡∏™‡∏ï‡∏£‡πå,75,176,18,M,2,2,2,1,2
30/09/2023 09:27:32,zz,3,5,3,3,3,1,3,3,4,4,3,3,3,2,3,3,3,3,1,4,4,‡∏û‡∏ô‡∏±‡∏Å‡∏á‡∏≤‡∏ô‡∏ö‡∏£‡∏¥‡∏©‡∏±‡∏ó,BTV,48,161,37,F,3,3,2,2,2
30/09/2023 09:27:39,jcmm,3,3,5,5,5,1,4,1,4,1,3,3,5,1,4,1,5,5,1,5,5,‡∏ô‡∏±‡∏Å‡∏®‡∏∂‡∏Å‡∏©‡∏≤‡∏õ‡∏£‡∏¥‡∏ç‡∏ç‡∏≤‡πÇ‡∏ó,‡∏™‡∏ñ‡∏≤‡∏ö‡∏±‡∏ô‡πÄ‡∏ó‡∏Ñ‡πÇ‡∏ô‡πÇ‡∏•‡∏¢‡∏µ‡∏û‡∏£‡∏∞‡∏à‡∏≠‡∏°‡πÄ‡∏Å‡∏•‡πâ‡∏≤‡πÄ‡∏à‡πâ‡∏≤‡∏Ñ‡∏∏‡∏ì‡∏ó‡∏´‡∏≤‡∏£‡∏•‡∏≤‡∏î‡∏Å‡∏£‡∏∞‡∏ö‡∏±‡∏á,67.5,170.5,37,F,2,4,4,1,3
30/09/2023 09:27:44,merson,4,5,3,5,5,1,4,4,4,5,4,5,4,4,3,3,3,3,1,5,4,Project Sales,Home,70,171,48,M,3,4,5,4,4
30/09/2023 09:27:46,Lionel,5,2,2,5,1,5,5,2,5,2,5,3,1,5,1,5,1,1,5,1,5,‡∏ô‡∏±‡∏Å‡∏Å‡∏µ‡∏¨‡∏≤,‡∏Å‡∏≤‡∏£‡∏ó‡πà‡∏≤‡πÄ‡∏£‡∏∑‡∏≠ fc,70,173,24,M,1,4,3,3,4
30/09/2023 09:27:46,Jonas,5,5,5,5,5,5,5,5,1,3,3,5,2,2,3,3,1,5,5,5,5,Developer,Betask,79,172,27,M,4,2,2,1,1
30/09/2023 09:27:53,Hope,3,4,3,3,3,4,1,2,3,4,3,3,3,3,3,2,3,2,3,4,4,Project Manager,Xeersoft/Newton,52,160,43,M,3,3,2,2,3
30/09/2023 09:27:56,angelcactus,3,5,5,5,5,2,5,4,5,2,2,5,5,4,1,4,5,5,1,5,3,‡∏ô‡∏±‡∏Å‡πÄ‡∏£‡∏µ‡∏¢‡∏ô,‡∏°‡∏´‡∏≤‡∏ß‡∏¥‡∏ó‡∏¢‡∏≤‡∏•‡∏±‡∏¢‡∏ö‡∏π‡∏£‡∏û‡∏≤,43,156,20,F,4,5,5,5,4
30/09/2023 09:27:59,JOI,4,3,3,5,3,1,1,3,3,2,3,3,4,1,2,4,1,4,1,4,3,-,‡πÄ‡∏Å‡∏©‡∏ï‡∏£‡∏®‡∏≤‡∏™‡∏ï‡∏£‡πå,70,170,23,M,2,3,5,4,4
30/09/2023 09:28:00,[K]4[M]ui,5,5,5,5,5,3,5,5,4,5,4,4,5,5,5,5,2,4,3,4,5,‡∏ô‡∏±‡∏Å‡∏®‡∏∂‡∏Å‡∏©‡∏≤,Burapha University,71,171,26,M,2,4,3,3,4
30/09/2023 09:28:01,Bee,3,4,3,4,4,1,2,3,1,1,3,2,5,1,3,5,4,4,1,5,2,Sales strategy,Cj,70,170,24,F,2,3,2,2,4
30/09/2023 09:28:09,Salim,2,2,5,5,4,2,5,2,1,2,2,5,5,2,4,2,2,4,1,4,4,Support Manager,Xeersoft,90,170,38,M,3,4,1,1,4
30/09/2023 09:28:17,‡∏Ç‡∏á‡πÄ‡∏ö‡πâ‡∏á,3,2,5,5,4,1,5,3,5,3,3,5,5,2,1,1,5,5,1,5,5,IT support,Newton,75,180,24,M,4,4,3,1,3
30/09/2023 09:28:21,‡πÄ‡∏á‡πâ‡∏á,3,5,5,4,5,1,3,2,3,3,2,3,5,2,1,1,1,3,1,5,3,‡πÄ‡∏à‡πâ‡∏≤‡∏´‡∏ô‡πâ‡∏≤‡∏ó‡∏µ‡πà‡∏´‡∏ô‡πà‡∏ß‡∏¢‡∏á‡∏≤‡∏ô‡∏£‡∏±‡∏ê,‡∏™‡∏Å‡∏™‡∏ß.,69,166,39,F,1,3,2,2,1
30/09/2023 09:28:31,jairlinethai,5,2,5,5,5,1,5,4,4,1,5,4,5,3,2,1,3,2,2,2,1,‡∏ô‡∏±‡∏Å‡∏•‡∏á‡∏ó‡∏∏‡∏ô,freelance,60,173,44,M,1,4,4,3,4
30/09/2023 09:28:47,Anakin Skywalker,3,5,5,5,5,1,5,3,2,1,1,5,5,3,3,4,2,3,1,5,3,‡∏ô‡∏±‡∏Å‡∏®‡∏∂‡∏Å‡∏©‡∏≤,‡∏°.‡∏ö‡∏π‡∏£‡∏û‡∏≤,49,170,22,M,2,3,4,1,5
30/09/2023 09:28:48,GaRib,5,4,3,2,4,1,4,2,5,4,4,2,5,1,2,3,4,3,1,4,3,UxUi Designer,Nellika Consulting ,50,160,22,F,4,5,4,3,3
30/09/2023 09:28:53,‡πÇ‡∏Å‡πÄ‡∏ó‡∏ô,3,3,5,5,5,5,3,2,2,2,2,2,4,3,3,3,2,3,5,5,5,‡∏ô‡∏±‡∏Å‡πÄ‡∏£‡∏µ‡∏¢‡∏ô,‡πÇ‡∏£‡∏á‡πÄ‡∏£‡∏µ‡∏¢‡∏ô‡πÄ‡πÄ‡∏™‡∏á‡∏ó‡∏≠‡∏á‡∏ß‡∏¥‡∏ó‡∏¢‡∏≤,75,167,16,M,4,2,2,1,1
30/09/2023 09:28:57,‡πÑ‡∏°‡πà‡∏Å‡∏¥‡∏ô‡∏´‡∏°‡∏≤,4,3,5,3,4,1,5,4,3,3,2,1,4,4,4,1,3,3,1,5,4,‡∏ô‡∏±‡∏Å‡∏®‡∏∂‡∏Å‡∏©‡∏≤,‡∏°‡∏´‡∏≤‡∏ß‡∏¥‡∏ó‡∏¢‡∏≤‡∏•‡∏±‡∏¢‡∏ö‡∏π‡∏£‡∏û‡∏≤,60,168,19,F,1,3,3,3,3
30/09/2023 09:29:02,Data Smith,1,5,5,3,5,1,1,3,3,5,5,3,3,2,5,5,4,5,1,5,5,‡∏û‡∏ô‡∏±‡∏Å‡∏á‡∏≤‡∏ô‡∏ö‡∏£‡∏¥‡∏©‡∏±‡∏ó,WHADG,98,183,46,M,4,2,4,4,4
30/09/2023 09:29:06,‡πÄ‡∏≠‡∏¥‡∏£‡πå‡∏ô,5,3,5,3,3,1,2,5,2,4,2,2,5,2,2,2,3,4,1,5,2,‡πÇ‡∏õ‡∏£‡πÅ‡∏Å‡∏£‡∏°‡πÄ‡∏°‡∏≠‡∏£‡πå,‡∏ö‡∏£‡∏¥‡∏©‡∏±‡∏ó‡πÄ‡∏≠‡πÄ‡∏ä‡∏µ‡∏¢‡∏ô ‡∏™‡πÅ‡∏ï‡∏ô‡πÄ‡∏•‡∏¢‡πå ‡∏≠‡∏¥‡∏ô‡πÄ‡∏ï‡∏≠‡∏£‡πå‡πÄ‡∏ô‡∏ä‡∏±‡πà‡∏ô‡πÅ‡∏ô‡∏•,70,161,23,F,5,2,1,1,1
30/09/2023 09:29:06,Sunfolwer,3,5,2,5,4,1,1,3,5,3,2,1,4,3,3,5,2,2,,4,2,data science,Boonthavorn,44,152,23,F,1,3,2,3,1
30/09/2023 09:29:11,Maker,4,3,3,3,4,1,4,4,3,4,3,3,3,3,4,3,3,2,1,3,2,‡∏ú‡∏π‡πâ‡∏ä‡πà‡∏ß‡∏¢‡∏ú‡∏π‡πâ‡∏à‡∏±‡∏î‡∏Å‡∏≤‡∏£,‡∏™‡∏´‡∏Å‡∏£‡∏ì‡πå‡∏Å‡∏≠‡∏á‡∏ó‡∏∏‡∏ô‡∏™‡∏ß‡∏ô‡∏¢‡∏≤‡∏á,75,170,29,M,2,2,2,2,3
30/09/2023 09:29:13,JAEHYUN ,2,3,5,5,5,1,1,2,3,2,5,4,2,2,2,3,3,3,1,4,1,‡∏ô‡∏±‡∏Å‡∏®‡∏∂‡∏Å‡∏©‡∏≤,‡∏°‡∏´‡∏≤‡∏ß‡∏¥‡∏ó‡∏¢‡∏≤‡∏•‡∏±‡∏¢‡∏ö‡∏π‡∏£‡∏û‡∏≤,52,167,20,M,1,2,3,3,1
30/09/2023 09:29:22,‡∏ä‡πà‡∏≤‡∏á‡πÅ‡∏≠‡∏£‡πå_‡πÉ‡∏ô‡∏ï‡∏≥‡∏ô‡∏≤‡∏ô,3,5,5,3,2,1,1,3,2,2,1,3,3,3,4,1,1,3,1,5,5,Data Scientist,‡∏ö‡∏£‡∏¥‡∏©‡∏±‡∏ó ‡∏Å‡πâ‡∏≤‡∏ô‡∏™‡∏°‡∏≠‡∏á ‡∏à‡∏≥‡∏Å‡∏±‡∏î,90,180,30,M,2,2,1,1,1
30/09/2023 09:29:28,TAYLOR SWIFT,5,5,5,5,5,2,2,5,5,5,2,2,5,5,5,3,3,4,1,5,4,Accountant,SCG,61,159,36,F,1,3,3,3,4
30/09/2023 09:29:31,Arnate,5,5,5,4,5,2,5,4,3,3,2,3,5,2,2,1,1,5,2,4,2,Data Engineer,GOING JESSE,65,170,22,M,4,3,2,2,3
30/09/2023 09:29:33,Pu_sk,3,5,4,3,5,1,1,3,4,5,5,2,3,3,2,3,4,4,1,4,3,‡∏£‡∏±‡∏ö‡∏à‡πâ‡∏≤‡∏á,Oxygen Valley Khao Yai ,63,168,55,M,3,2,3,2,4
30/09/2023 09:29:35,lppo,5,5,3,5,5,5,5,5,3,4,5,4,5,4,5,4,3,5,5,5,5,‡∏ß‡πà‡∏≤‡∏á‡∏á‡∏≤‡∏ô,‡∏™‡∏∏‡πÇ‡∏Ç‡∏ó‡∏±‡∏¢‡∏ò‡∏£‡∏£‡∏°‡∏≤‡∏ò‡∏¥‡∏£‡∏≤‡∏ä,89,168,26,M,3,4,4,3,3
30/09/2023 09:29:53,‡∏õ‡∏∏‡∏ç‡∏õ‡∏∏‡∏ç,5,2,4,4,1,3,1,1,5,5,5,1,4,2,1,2,1,1,1,4,1,‡∏ô‡∏±‡∏Å‡∏®‡∏∂‡∏Å‡∏©‡∏≤,‡∏°‡∏´‡∏≤‡∏ß‡∏¥‡∏ó‡∏¢‡∏≤‡∏•‡∏±‡∏¢‡∏ö‡∏π‡∏£‡∏û‡∏≤,51,161,21,F,1,1,4,5,2
30/09/2023 09:30:07,HeHe...,4,4,5,4,5,1,2,2,5,2,5,5,1,5,5,2,5,5,1,5,5,n/a,n/a,88,172,n/a,M,2,5,5,2,5
30/09/2023 09:30:10,Teenoi,2,5,4,4,5,1,5,5,5,3,2,4,4,2,3,4,1,5,2,5,4,Data Scientist,CPALL,65,185,24,M,4,4,3,2,2
30/09/2023 09:30:13,Michelangelo,3,4,4,4,4,4,3,4,4,3,2,2,3,3,4,3,2,3,4,3,3,‡∏ß‡∏¥‡∏®‡∏ß‡∏Å‡∏£,,66,171,25,M,2,2,2,2,2
30/09/2023 09:30:14,Tony stark,3,5,3,4,5,3,4,4,5,5,1,5,5,2,5,2,2,3,3,3,5,Freelance,Freelance,80,180,29,M,3,3,3,3,3
30/09/2023 09:30:34,Sakuragi,4,5,5,5,5,5,2,4,1,4,4,5,5,4,5,1,2,5,5,4,1,IT Related,Axons Tech,78,180,48,M,3,3,3,2,3
30/09/2023 09:30:35,Pharmer,3,4,5,5,4,1,1,2,3,5,3,5,5,4,3,3,3,3,1,4,3,teacher,Silpakorn,,,42,F,3,5,4,4,4
30/09/2023 09:30:39,Joke'r,4,4,4,5,5,5,2,5,3,3,3,2,2,2,3,2,1,,2,3,2,‡∏≠‡∏≤‡∏à‡∏≤‡∏£‡∏¢‡πå‡∏î‡πâ‡∏≤‡∏ô‡πÇ‡∏•‡∏à‡∏¥‡∏™‡∏ï‡∏¥‡∏Å‡∏™‡πå,‡∏°.‡∏´‡∏±‡∏ß‡πÄ‡∏â‡∏µ‡∏¢‡∏ß‡πÄ‡∏â‡∏•‡∏¥‡∏°‡∏û‡∏£‡∏∞‡πÄ‡∏Å‡∏µ‡∏¢‡∏£‡∏ï‡∏¥,63,169,37,M,2,4,4,2,4
30/09/2023 09:30:39,‡πÑ‡∏Ñ‡∏à‡∏π,3,5,5,5,5,3,5,5,2,1,2,5,5,5,3,3,4,1,2,5,4,‡∏û‡∏ô‡∏±‡∏Å‡∏á‡∏≤‡∏ô‡∏£‡∏≤‡∏ä‡∏Å‡∏≤‡∏£,‡∏®‡∏π‡∏ô‡∏¢‡πå‡∏Ç‡πâ‡∏≠‡∏°‡∏π‡∏•‡πÄ‡∏Å‡∏©‡∏ï‡∏£‡πÅ‡∏´‡πà‡∏á‡∏ä‡∏≤‡∏ï‡∏¥ ‡∏™‡∏≥‡∏ô‡∏±‡∏Å‡∏á‡∏≤‡∏ô‡πÄ‡∏®‡∏£‡∏©‡∏ê‡∏Å‡∏¥‡∏à‡∏Å‡∏≤‡∏£‡πÄ‡∏Å‡∏©‡∏ï‡∏£ ‡∏Å‡∏£‡∏∞‡∏ó‡∏£‡∏ß‡∏á‡πÄ‡∏Å‡∏©‡∏ï‡∏£‡πÅ‡∏•‡∏∞‡∏™‡∏´‡∏Å‡∏£‡∏ì‡πå,80.5,167,25,M,1,1,1,1,1
30/09/2023 09:30:43,HaiYahh,5,2,5,5,4,1,5,5,2,2,3,5,2,3,1,4,2,3,1,5,1,‡πÅ‡∏û‡∏ó‡∏¢‡πå,‡∏®‡∏¥‡∏£‡∏¥‡∏£‡∏≤‡∏ä,62,170,25,M,1,2,2,2,3
30/09/2023 09:30:44,‡∏ó‡∏≤‡∏°‡∏°‡∏µ‡πà‡∏ó‡∏µ‡πà‡∏£‡∏±‡∏Å,5,4,4,4,5,1,5,5,5,5,3,5,5,5,5,3,4,3,1,4,3,Engineer,SIemens,82,178,32,M,2,4,4,4,5
30/09/2023 09:31:02,Peter Parker,3,4,5,4,4,1,5,5,4,3,5,4,3,3,3,2,3,4,1,5,1,Data Analyst,KMITL,60,165,27,M,3,3,2,2,2
30/09/2023 09:31:02,Blah,4,4,5,3,3,1,3,3,4,4,4,3,4,2,3,3,3,3,1,5,4,‡∏≠‡∏¥‡∏™‡∏£‡∏∞,,80,175,26,M,1,3,2,2,4
30/09/2023 09:31:09,Ronaldo,4,4,5,5,3,5,4,4,5,4,2,4,4,5,5,2,2,3,2,4,2,‡∏ß‡∏¥‡∏®‡∏ß‡∏Å‡∏£,EGAT,88,182,48,M,3,4,2,4,4
30/09/2023 09:31:31,‡πÄ‡∏à‡∏ô‡∏ô‡∏µ‡πà,5,5,4,2,3,1,1,2,4,5,3,3,3,4,4,1,3,1,1,3,4,‡∏û‡∏ô‡∏±‡∏Å‡∏á‡∏≤‡∏ô‡∏ö‡∏£‡∏¥‡∏©‡∏±‡∏ó‡πÄ‡∏≠‡∏Å‡∏ä‡∏ô,‡∏ò‡∏ô‡∏≤‡∏Ñ‡∏≤‡∏£‡∏Å‡∏™‡∏¥‡∏Å‡∏£‡πÑ‡∏ó‡∏¢,48,157,37,F,1,3,4,4,4
30/09/2023 09:31:53,Sunny,5,5,3,5,5,1,1,2,3,5,5,5,4,1,4,1,1,4,1,5,4,Data Analyst,Boonthavorn,65,160,29,F,2,4,4,3,3
30/09/2023 09:31:59,WhiteRabbit,1,5,5,3,2,1,5,5,2,5,1,2,2,3,4,1,2,3,1,3,3, Data Analysis,Electronics Extreme,77,168,47,M,3,4,3,2,1
30/09/2023 09:32:21,‡πÇ‡∏Å‡πÇ‡∏à ‡∏ã‡∏≤‡πÇ‡∏ï‡∏£‡∏∏,3,5,2,4,5,1,3,4,2,5,2,5,4,2,3,4,1,5,1,4,3,Software Developer,The Newton,169,72,26,M,4,3,2,2,2
30/09/2023 09:32:28,‡∏ã‡∏≠‡∏á‡πÄ‡∏Æ‡πÄ‡∏Ñ‡∏µ‡∏¢‡∏ß,4,5,4,5,,3,2,5,5,5,5,1,5,1,5,4,5,4,1,5,3,‡∏ò‡∏∏‡∏£‡∏Å‡∏¥‡∏à,,55,163,41,F,1,5,5,5,5
30/09/2023 09:32:56,Aiden Pearce,4,4,5,4,3,1,5,5,3,4,1,2,3,5,4,2,1,3,1,4,4,‡∏ô‡∏±‡∏Å‡∏®‡∏∂‡∏Å‡∏©‡∏≤,‡∏°‡∏´‡∏≤‡∏ß‡∏¥‡∏ó‡∏¢‡∏≤‡∏•‡∏±‡∏¢‡∏ò‡∏£‡∏£‡∏°‡∏®‡∏≤‡∏™‡∏ï‡∏£‡πå,63,178,22,M,4,3,4,4,3
30/09/2023 09:33:00,Indoraptor,2,4,5,3,4,1,5,2,2,1,4,2,1,5,1,3,1,1,1,5,1,‡∏ô‡∏±‡∏Å‡∏®‡∏∂‡∏Å‡∏©‡∏≤,‡∏°‡∏´‡∏≤‡∏ß‡∏¥‡∏ó‡∏¢‡∏≤‡∏•‡∏±‡∏¢‡∏£‡∏≤‡∏ä‡∏°‡∏á‡∏Ñ‡∏• ‡∏û‡∏£‡∏∞‡∏ô‡∏Ñ‡∏£‡πÄ‡∏´‡∏ô‡∏∑‡∏≠,55,173,21,M,3,3,1,1,1
30/09/2023 09:33:08,Mulan,3,5,2,3,2,3,1,2,3,5,2,3,5,1,5,3,4,1,3,3,4,Unemployed ,-,53,153,46,F,1,2,1,1,2
30/09/2023 09:33:24,Johnson,4,3,4,4,4,3,2,4,3,4,4,4,4,3,4,1,2,2,2,4,3,DS,Bt,52,145,28,F,4,4,3,3,3
30/09/2023 09:33:38,Nam,2,3,5,5,5,1,3,4,1,5,3,3,4,2,3,2,1,3,1,4,2,‡∏ô‡∏±‡∏Å‡∏®‡∏∂‡∏Å‡∏©‡∏≤,‡∏°‡∏´‡∏≤‡∏ß‡∏¥‡∏ó‡∏¢‡∏≤‡∏•‡∏±‡∏¢‡∏ò‡∏£‡∏£‡∏°‡∏®‡∏≤‡∏™‡∏ï‡∏£‡πå ‡∏£‡∏±‡∏á‡∏™‡∏¥‡∏ï,47,153,19,F,2,2,1,1,1
30/09/2023 09:34:05,Table6,4,4,4,4,4,3,5,5,4,3,3,4,4,4,4,3,2,3,3,5,4,-,-,64,179,29,M,3,3,3,2,3
30/09/2023 09:34:15,Eros,3,4,3,5,5,5,3,4,5,5,5,5,4,3,3,3,3,1,5,4,4,‡∏û‡∏ô‡∏±‡∏Å‡∏á‡∏≤‡∏ô‡∏ö‡∏£‡∏¥‡∏©‡∏±‡∏ó,‡∏ö‡∏£‡∏¥‡∏©‡∏±‡∏ó‡πÅ‡∏ñ‡∏ß‡∏ñ‡∏ô‡∏ô‡πÄ‡∏û‡∏ä‡∏£‡∏ö‡∏∏‡∏£‡∏µ,90,170,45,M,2,3,5,4,5
30/09/2023 09:34:38,Batman888,4,4,4,3,3,3,1,3,4,4,4,3,4,4,5,1,3,2,1,3,2,‡∏ô‡∏±‡∏Å‡∏ß‡∏¥‡∏à‡∏±‡∏¢,,54,156,51,F,3,3,3,3,3
30/09/2023 09:34:52,Jebediah Kerman ,4,3,5,5,5,2,5,5,2,2,2,3,5,3,3,1,1,1,1,5,2,Software Developer,Xeersoft,53,172,28,M,4,4,2,2,2
30/09/2023 09:35:22,‡∏ö‡∏±‡∏á‡πÑ‡∏Ñ,3,4,3,4,4,4,5,4,3,4,4,4,3,3,4,3,2,4,3,5,3,Developer,‡πÇ‡∏£‡∏á‡πÄ‡∏£‡∏µ‡∏¢‡∏ô‡∏•‡πâ‡∏≠‡∏°‡πÅ‡∏£‡∏î,85,171,32,M,4,3,1,1,3
30/09/2023 09:36:56,Mario,4,4,5,5,2,2,5,5,5,1,1,1,4,5,2,3,3,3,3,4,2,‡∏ô‡∏±‡∏Å‡πÄ‡∏£‡∏µ‡∏¢‡∏ô,‡πÇ‡∏£‡∏á‡πÄ‡∏£‡∏µ‡∏¢‡∏ô,43,167,12,M,3,3,3,3,3
30/09/2023 09:37:41,Snoopy,4,5,5,3,3,1,3,5,2,1,2,3,5,3,1,2,5,5,1,5,5,‡∏≠‡∏≤‡∏à‡∏≤‡∏£‡∏¢‡πå,‡∏°‡∏´‡∏≤‡∏ß‡∏¥‡∏ó‡∏¢‡∏≤‡∏•‡∏±‡∏¢,88,165,32,F,4,3,1,1,2
30/09/2023 09:38:56,‡∏ä‡πà‡∏≤‡∏á‡∏ï‡∏π‡πâ,5,4,5,3,5,1,5,5,5,5,2,5,5,4,5,4,4,3,1,5,3,‡∏ä‡πà‡∏≤‡∏á,‡πÑ‡∏°‡πà‡∏ö‡∏≠‡∏Å,100,170,46,M,4,4,3,2,3
30/09/2023 09:39:12,a,4,1,4,4,3,1,4,2,2,2,1,2,3,3,3,2,1,2,1,3,3,‡∏ô‡∏±‡∏Å‡∏®‡∏∂‡∏Å‡∏©‡∏≤,‡∏°‡∏´‡∏¥‡∏î‡∏•,50,170,18,M,3,1,1,1,1
30/09/2023 09:39:30,Solid Snake,5,4,4,5,2,1,5,3,3,4,2,1,5,2,4,2,3,3,1,3,1,Programmer,Xeersoft,65,167,23,M,4,2,2,2,3
30/09/2023 09:39:34,Namtip,4,4,4,5,4,1,1,4,4,5,5,2,1,3,2,2,3,5,1,5,3,‡∏ô‡∏±‡∏Å‡∏®‡∏∂‡∏Å‡∏©‡∏≤,‡∏ò‡∏£‡∏£‡∏°‡∏®‡∏≤‡∏™‡∏ï‡∏£‡πå,52,162,,F,3,3,2,2,2
30/09/2023 09:48:27,Wonyoung,2,3,4,5,4,1,1,4,4,3,2,3,3,1,2,3,2,4,1,5,4,‡∏ô‡∏±‡∏Å‡∏®‡∏∂‡∏Å‡∏©‡∏≤,‡∏°‡∏´‡∏≤‡∏ß‡∏¥‡∏ó‡∏¢‡∏≤‡∏•‡∏±‡∏¢‡∏ò‡∏£‡∏£‡∏°‡∏®‡∏≤‡∏™‡∏ï‡∏£‡πå,72,159,21,F,3,3,1,2,2
30/09/2023 09:49:23,‡∏•‡∏π‡∏ü‡∏µ‡πà,1,2,5,1,3,1,5,4,5,4,1,1,4,3,3,1,1,3,1,4,2,‡∏ô‡∏±‡∏Å‡∏®‡∏∂‡∏Å‡∏©‡∏≤,KMITL,53,170,21,M,4,3,2,2,2
30/09/2023 09:49:42,benskoo,2,3,4,5,5,1,1,4,4,3,2,3,3,1,2,3,2,4,1,5,4,‡∏ô‡∏±‡∏Å‡∏®‡∏∂‡∏Å‡∏©‡∏≤,‡∏°‡∏´‡∏≤‡∏ß‡∏¥‡∏ó‡∏¢‡∏≤‡∏•‡∏±‡∏¢‡∏ò‡∏£‡∏£‡∏°‡∏®‡∏≤‡∏™‡∏ï‡∏£‡πå,65,157,20,F,3,3,1,1,2
30/09/2023 09:55:23,Cherry,2,5,4,5,5,1,1,3,3,2,5,4,4,2,1,2,5,5,1,5,2,‡∏ô‡∏±‡∏Å‡∏®‡∏∂‡∏Å‡∏©‡∏≤,‡∏°‡∏´‡∏≤‡∏ß‡∏¥‡∏ó‡∏¢‡∏≤‡∏•‡∏±‡∏¢‡∏ò‡∏£‡∏£‡∏°‡∏®‡∏≤‡∏™‡∏ï‡∏£‡πå,49,161,21,F,3,2,2,2,3
30/09/2023 10:15:47,Roxy,5,3,4,5,4,1,4,3,4,4,3,4,2,2,4,3,3,5,1,3,1,student,SIIT,70,176,23,M,4,4,4,2,2
30/09/2023 10:40:48,Khanan,1,4,5,5,3,1,1,3,4,1,4,3,3,3,1,1,4,4,1,5,2,‡∏ô‡∏ß‡∏Å.‡∏Ñ‡∏≠‡∏°,‡∏Å‡∏≤‡∏£‡∏õ‡∏£‡∏∞‡∏õ‡∏≤,55,160.4,28,F,4,4,3,2,2
30/09/2023 10:45:28,TonAC,5,5,3,5,5,5,2,5,5,5,4,5,4,5,2,3,2,5,5,5,5,‡∏ß‡πà‡∏≤‡∏á‡∏á‡∏≤‡∏ô,‡∏ß‡πà‡∏≤‡∏á,138,173,37,M,1,4,4,4,4
30/09/2023 10:55:54,‡∏´‡∏ô‡∏∂‡πà‡∏á,4,5,4,4,4,1,1,1,3,4,3,2,5,3,3,2,2,2,1,5,3,‡∏û‡∏ô‡∏±‡∏Å‡∏á‡∏≤‡∏ô‡∏ö‡∏£‡∏¥‡∏©‡∏±‡∏ó,SDT,64,172,44,M,3,3,3,1,2